linkname,coefficient,coefficient_from_ocr,p_value,significance_level,highway,latitude,longitude,road_name,name,linkid,numberoflanes,speedlimitmph,averagespeedmph,averagedelayspvpm,reliabilityspvpm,averagedailyflow,lengthm,totaldelayvhd,roadnumber,roadclass,direction,linklocation,startwidth,endwidth,match_method,road_type2,road_type2_id
106020902,.0069152052,53046,0,***,A14,52.237606,.15145464,A14/1012A,MIDAS site at A14/1012A priority 1 on link 106020902; GPS Ref: 547006;262114; Eastbound,106020902,2,70,63.235199,5.5809999,2.0912001,23727.6,852.23999,37.191002,A14,Rural all-purpose dual 2 lane carriageway,Eastbound,A14 eastbound within J33,,,exact_link_id,Rural all-purpose,Rural all-purpose
106021002,.0011158547,-.0028435001,0,***,A14,52.236095,.12274872,A14/0992A,MIDAS site at A14/0992A priority 1 on link 106021002; GPS Ref: 545051;261888; Eastbound,106021002,3,70,62.7728,5.9618001,1.8306,23440.199,1831.02,39.263,A14,Rural all-purpose dual 3 or more lane carriageway,Eastbound,A14 eastbound between J32 and J33,,,exact_link_id,Rural all-purpose,Rural all-purpose
106021201,-.0044945572,-.0025502001,0,***,A14,52.237106,.15225063,A14/1013L,MIDAS site at A14/1013L priority 1 on link 106021201; GPS Ref: 547062;262060; Westbound,,2.2111716,70,61.754242,7.3049579,2.1724114,24210.299,2106.115,50.134014,,,,,,,highway_mean,Rural all-purpose,Rural all-purpose
106025301,.0057611354,70028,0,***,A11,52.219967,.31428468,A11/0900A,MIDAS site at A11/0900A priority 1 on link 106025301; GPS Ref: 558186;260495; Northbound,106025301,2,70,64.790199,4.4745998,2.0664001,17290.6,5388.6499,21.575399,A11,Rural all-purpose dual 2 lane carriageway,Northbound,A11 northbound between A1304 and A14,,,exact_link_id,Rural all-purpose,Rural all-purpose
106025302,.0054161032,96347,0,***,A14,52.218643,.31305921,A14/1135A,MIDAS site at A14/1135A priority 1 on link 106025302; GPS Ref: 558107;260345; Eastbound,106025302,2,70,58.732601,10.459,3.9245999,21568.6,7387.5,59.0634,A14,Rural all-purpose dual 2 lane carriageway,Eastbound,A14 eastbound between J35 and J36,,,exact_link_id,Rural all-purpose,Rural all-purpose
106025401,.0024472312,43898,0,***,A14,52.221504,.31803951,A14/1139L,MIDAS site at A14/1139L priority 1 on link 106025401; GPS Ref: 558437;260674; Westbound,106025401,3,70,62.5476,6.3888001,1.6986001,35609.602,7333.7202,64.377602,A14,Rural all-purpose dual 3 or more lane carriageway,Westbound,A14 westbound between J37 and J36,,,exact_link_id,Rural all-purpose,Rural all-purpose
106026501,.003915763,42937,0,***,A11,52.272385,.44971606,A11/0024B,MIDAS site at A11/0024B priority 1 on link 106026501; GPS Ref: 567239;266628; Westbound,,2.0261097,69.686684,61.342773,8.8641596,2.35341,19161.164,2243.8093,45.348022,,,,,,,highway_mean,Rural all-purpose,Rural all-purpose
106026502,.0040609203,34951,0,***,A14,52.270756,.44295669,A14/1250B,MIDAS site at A14/1250B priority 1 on link 106026502; GPS Ref: 566784;266431; Westbound,106026502,2,70,60.0914,9.0172005,3.332,18119,6328.1602,49.283401,A14,Rural all-purpose dual 2 lane carriageway,Westbound,A14 westbound between J39 and J38,,,exact_link_id,Rural all-purpose,Rural all-purpose
106026701,.0044213291,60822,0,***,A14,52.270489,.44185743,A14/1250A,MIDAS site at A14/1250A priority 1 on link 106026701; GPS Ref: 566710;266399; Eastbound,106026701,3,70,58.493999,10.2188,2.0020001,35455,3622.3101,99.720802,A14,Rural all-purpose dual 3 or more lane carriageway,Eastbound,A14 eastbound between J37 and J38,,,exact_link_id,Rural all-purpose,Rural all-purpose
106026901,.0053883083,31829,0,***,A11,52.289619,.47074208,A11/0047B,MIDAS site at A11/0047B priority 1 on link 106026901; GPS Ref: 568608;268593; Southbound,106026901,2,70,67.255997,2.3908,1.1758,20325,3167.27,13.8326,A11,Rural all-purpose dual 2 lane carriageway,Southbound,A11 southbound between B1085 near Red Lodge (north) and B1085 near Red Lodge (south),,,exact_link_id,Rural all-purpose,Rural all-purpose
106027201,.0034374737,43378,0,***,A14,52.267227,.43128645,A14/1241B,MIDAS site at A14/1241B priority 1 on link 106027201; GPS Ref: 566001;266012; Westbound,106027201,3,70,57.485001,13.36,3.4212,34810.398,2791.1101,130.6936,A14,Rural all-purpose dual 3 or more lane carriageway,Westbound,A14 westbound between J38 and J37,,,exact_link_id,Rural all-purpose,Rural all-purpose
106031101,.0076914015,107448,0,***,A14,52.27264,.44829354,A14/1254A,MIDAS site at A14/1254A priority 1 on link 106031101; GPS Ref: 567141;266653; Eastbound,106031101,2,70,64.654198,4.4232001,1.4964,16671.801,5698.7798,20.4774,A14,Rural all-purpose dual 2 lane carriageway,Eastbound,A14 eastbound between J38 and J39,,,exact_link_id,Rural all-purpose,Rural all-purpose
106063401,-.0067610387,-.0025144001,0,***,A14,52.237309,.15258257,A14/1012B,MIDAS site at A14/1012B priority 1 on link 106063401; GPS Ref: 547084;262083; Westbound,106063401,2,70,58.540798,10.083,2.1526,23123.4,857.88,64.9972,A14,Rural all-purpose dual 2 lane carriageway,Westbound,A14 westbound within J33,,,exact_link_id,Rural all-purpose,Rural all-purpose
106063402,-.0023448162,,,,A14,52.237705,.14760733,A14/1008M,MIDAS site at A14/1008M priority 1 on link 106063402; GPS Ref: 546743;262117; Westbound,,2.2111716,70,61.754242,7.3049579,2.1724114,24210.299,2106.115,50.134014,,,,,,,highway_mean,Rural all-purpose,Rural all-purpose
106063501,.0053518917,30379,0,***,A11,52.285038,.46622032,A11/0041B,MIDAS site at A11/0041B priority 1 on link 106063501; GPS Ref: 568317;268073; Southbound,106063501,2,70,65.042397,4.0201998,1.5138,21752.801,1902.9301,24.9674,A11,Rural all-purpose dual 2 lane carriageway,Southbound,A11 southbound between B1085 near Red Lodge (south) and A14/A1304,,,exact_link_id,Rural all-purpose,Rural all-purpose
124000101,.0089058271,8906,0,***,A1,52.340271,-.25127545,A1/2033A,MIDAS site at A1/2033A priority 1 on link 124000101; GPS Ref: 519233;272792; Northbound,124000101,3,70,65.6418,3.4591999,1.1109999,33675.602,2563.2,32.3876,A1,Rural all-purpose dual 3 or more lane carriageway,Northbound,A1 northbound between A141 and A1(M)/B1043,,,exact_link_id,Rural all-purpose,Rural all-purpose
124000202,-.006116732,46543,0,***,A1M,52.359924,-.25430351,A1M/2055M,MIDAS site at A1M/2055M priority 1 on link 124000202; GPS Ref: 518974;274973; Southbound,,2.6182795,70,65.053261,4.5390429,1.7346398,27270.688,2373.9194,38.410652,,,,,,,highway_mean,Motorway,Motorway
124000205,.0090686809,107182,0,***,A1M,52.360844,-.25488424,A1M/2056B,MIDAS site at A1M/2056B priority 1 on link 124000205; GPS Ref: 518932;275074; Southbound,124000205,3,70,67.770401,2.2268,1.1948,28680,639.21997,17.934799,A1(M),"Motorway, dual 3 lanes",Southbound,A1(M) southbound between J14 and A1,,,exact_link_id,Motorway,Motorway
124000301,-.004930825,-.00072920002,0,***,A1M,52.360001,-.25496152,A1M/2055J,MIDAS site at A1M/2055J priority 1 on link 124000301; GPS Ref: 518929;274980; Northbound,,2.6182795,70,65.053261,4.5390429,1.7346398,27270.688,2373.9194,38.410652,,,,,,,highway_mean,Motorway,Motorway
126017201,.0095390296,125679,0,***,A1M,52.527184,-.31197008,A1M/2248A,MIDAS site at A1M/2248A priority 1 on link 126017201; GPS Ref: 514613;293482; Northbound,126017201,3,70,65.305603,3.9954,1.552,17345.6,649.10999,19.2274,A1(M),"Motorway, dual 3 lanes",Northbound,A1(M) northbound within J17,,,exact_link_id,Motorway,Motorway
126046001,.0057089906,2149,0,***,A1M,52.371044,-.25269026,A1M/2067B,MIDAS site at A1M/2067B priority 1 on link 126046001; GPS Ref: 519054;276212; Southbound,126046001,3,70,67.7444,2.2091999,1.1434,29244.6,1841.38,18.149799,A1(M),"Motorway, dual 3 lanes",Southbound,A1(M) southbound between J14 and A1,,,exact_link_id,Motorway,Motorway
126046101,.0043647918,31431,0,***,A1M,52.535156,-.32027546,A1M/2259B,MIDAS site at A1M/2259B priority 1 on link 126046101; GPS Ref: 514029;294356; Southbound,126046101,2,70,66.598602,2.994,1.1444,16251.6,373.42001,13.871,A1(M),"Motorway, dual 2 lanes",Southbound,A1(M) southbound within J17,,,exact_link_id,Motorway,Motorway
199033002,.0057148361,61505,0,***,A1,52.348965,-.25171074,A1/2043B,MIDAS site at A1/2043B priority 1 on link 199033002; GPS Ref: 519180;273758; Southbound,199033002,3,70,63.902401,4.9534001,1.4862,32329.801,2546.23,42.992001,A1,Rural all-purpose dual 3 or more lane carriageway,Southbound,A1 southbound between A1(M)/B1043 and A141,,,exact_link_id,Rural all-purpose,Rural all-purpose
199034401,.0023005435,21328,0,***,A1M,52.505875,-.29379308,A1M/2223L,MIDAS site at A1M/2223L priority 1 on link 199034401; GPS Ref: 515902;291141; Southbound,,2.6182795,70,65.053261,4.5390429,1.7346398,27270.688,2373.9194,38.410652,,,,,,,highway_mean,Motorway,Motorway
199034501,-.001262372,-.0026491999,0,***,A1M,52.499523,-.29247719,A1M/2214J,MIDAS site at A1M/2214J priority 1 on link 199034501; GPS Ref: 516008;290437; Northbound,,2.6182795,70,65.053261,4.5390429,1.7346398,27270.688,2373.9194,38.410652,,,,,,,highway_mean,Motorway,Motorway
199034803,.0067517925,92567,0,***,A1M,52.535019,-.32053143,A1M/2259A,MIDAS site at A1M/2259A priority 1 on link 199034803; GPS Ref: 514012;294340; Northbound,199034803,2,70,65.269997,4.0037999,1.5644,17050.801,679.53998,18.9156,A1(M),"Motorway, dual 2 lanes",Northbound,A1(M) northbound within J17,,,exact_link_id,Motorway,Motorway
199041401,-.012714557,53792,0,***,M11,52.096966,.13892722,M11/6744J,MIDAS site at M11/6744J priority 1 on link 199041401; GPS Ref: 546612;246448; Northbound,,2.180723,70,60.502037,8.610837,3.0260782,31166.662,3604.771,76.947533,,,,,,,highway_mean,Motorway,Motorway
199041501,-.0049258354,-.0041995002,0,***,M11,52.100288,.13701294,M11/6748L,MIDAS site at M11/6748L priority 1 on link 199041501; GPS Ref: 546470;246814; Southbound,,2.180723,70,60.502037,8.610837,3.0260782,31166.662,3604.771,76.947533,,,,,,,highway_mean,Motorway,Motorway
199041701,-.0080342358,-.0060951002,0,***,M11,52.213139,.077153757,M11/6885J,MIDAS site at M11/6885J priority 1 on link 199041701; GPS Ref: 542011;259245; Northbound,,2.180723,70,60.502037,8.610837,3.0260782,31166.662,3604.771,76.947533,,,,,,,highway_mean,Motorway,Motorway
199042001,-.016899768,21474,0,***,M11,52.186275,.074351035,M11/6855J,MIDAS site at M11/6855J priority 1 on link 199042001; GPS Ref: 541905;256252; Northbound,,2.180723,70,60.502037,8.610837,3.0260782,31166.662,3604.771,76.947533,,,,,,,highway_mean,Motorway,Motorway
199042501,-.0013330451,-.017214401,0,***,M11,52.161686,.10167454,M11/6821L,MIDAS site at M11/6821L priority 1 on link 199042501; GPS Ref: 543852;253571; Southbound,,2.180723,70,60.502037,8.610837,3.0260782,31166.662,3604.771,76.947533,,,,,,,highway_mean,Motorway,Motorway
199045301,-.0037506816,19214,0,***,A1M,52.446175,-.27595574,A1M/2153L,MIDAS site at A1M/2153L priority 1 on link 199045301; GPS Ref: 517271;284530; Southbound,,2.6182795,70,65.053261,4.5390429,1.7346398,27270.688,2373.9194,38.410652,,,,,,,highway_mean,Motorway,Motorway
199046401,-.013592794,85476,0,***,A1M,52.427994,-.27028152,A1M/2133J,MIDAS site at A1M/2133J priority 1 on link 199046401; GPS Ref: 517705;282517; Northbound,,2.6182795,70,65.053261,4.5390429,1.7346398,27270.688,2373.9194,38.410652,,,,,,,highway_mean,Motorway,Motorway
199046501,-.0047493633,42476,0,***,M11,52.192974,.075540692,M11/6863L,MIDAS site at M11/6863L priority 1 on link 199046501; GPS Ref: 541965;256999; Southbound,,2.180723,70,60.502037,8.610837,3.0260782,31166.662,3604.771,76.947533,,,,,,,highway_mean,Motorway,Motorway
199046603,.0036268302,16632,0,***,A1M,52.371067,-.25299785,A1M/2067A,MIDAS site at A1M/2067A priority 1 on link 199046603; GPS Ref: 519033;276214; Northbound,199046603,3,70,66.666397,2.7498,1.1246001,31439.6,3030.75,24.055,A1(M),"Motorway, dual 3 lanes",Northbound,A1(M) northbound between A1 and J14,,,exact_link_id,Motorway,Motorway
199046801,.0057890746,27555,0,***,A1M,52.413086,-.26604182,A1M/2115B,MIDAS site at A1M/2115B priority 1 on link 199046801; GPS Ref: 518033;280866; Southbound,199046801,4,70,66.5,2.9633999,1.1878,35735.801,5607.8301,29.9132,A1(M),"Motorway, dual 4 or more lanes",Southbound,A1(M) southbound between J15 and J14,,,exact_link_id,Motorway,Motorway
199047001,-.0062044817,88053,0,***,A1M,52.430038,-.27133402,A1M/2135K,MIDAS site at A1M/2135K priority 1 on link 199047001; GPS Ref: 517628;282743; Northbound,,2.6182795,70,65.053261,4.5390429,1.7346398,27270.688,2373.9194,38.410652,,,,,,,highway_mean,Motorway,Motorway
199047002,.0058790934,54455,0,***,A1M,52.430084,-.27061155,A1M/2134A,MIDAS site at A1M/2134A priority 1 on link 199047002; GPS Ref: 517677;282749; Northbound,199047002,4,70,66.2994,3.2964001,1.226,35278.398,730.96002,33.0364,A1(M),"Motorway, dual 4 or more lanes",Northbound,A1(M) northbound within J15,,,exact_link_id,Motorway,Motorway
199047101,-.013091717,80674,0,***,A1M,52.432476,-.27072385,A1M/2137M,MIDAS site at A1M/2137M priority 1 on link 199047101; GPS Ref: 517663;283015; Southbound,,2.6182795,70,65.053261,4.5390429,1.7346398,27270.688,2373.9194,38.410652,,,,,,,highway_mean,Motorway,Motorway
199047102,.0067368317,66946,0,***,A1M,52.439625,-.27375439,A1M/2145B,MIDAS site at A1M/2145B priority 1 on link 199047102; GPS Ref: 517438;283805; Southbound,199047102,4,70,65.394203,4.0960002,1.3376,33457.199,2035.05,39.993401,A1(M),"Motorway, dual 4 or more lanes",Southbound,A1(M) southbound within J15,,,exact_link_id,Motorway,Motorway
199047201,.0060350262,37414,0,***,A1M,52.412956,-.26632631,A1M/2115A,MIDAS site at A1M/2115A priority 1 on link 199047201; GPS Ref: 518014;280851; Northbound,199047201,4,70,66.931198,2.6817999,1.17,37324,4533.9399,28.1068,A1(M),"Motorway, dual 4 or more lanes",Northbound,A1(M) northbound between J14 and J15,,,exact_link_id,Motorway,Motorway
199047401,-.0012492051,292,0,***,A1M,52.504646,-.29465103,A1M/2221K,MIDAS site at A1M/2221K priority 1 on link 199047401; GPS Ref: 515847;291003; Northbound,,2.6182795,70,65.053261,4.5390429,1.7346398,27270.688,2373.9194,38.410652,,,,,,,highway_mean,Motorway,Motorway
199047402,.0051697725,59656,0,***,A1M,52.504818,-.29432011,A1M/2220A,MIDAS site at A1M/2220A priority 1 on link 199047402; GPS Ref: 515869;291023; Northbound,199047402,3,70,66.577003,2.8446,1.3202,34221.199,1184.92,27.0886,A1(M),"Motorway, dual 3 lanes",Northbound,A1(M) northbound within J16,,,exact_link_id,Motorway,Motorway
199047501,.00036672477,73195,0,***,A1M,52.5005,-.29214475,A1M/2215M,MIDAS site at A1M/2215M priority 1 on link 199047501; GPS Ref: 516028;290546; Southbound,,2.6182795,70,65.053261,4.5390429,1.7346398,27270.688,2373.9194,38.410652,,,,,,,highway_mean,Motorway,Motorway
199047502,.0065658577,5805,0,***,A1M,52.503971,-.29394045,A1M/2219B,MIDAS site at A1M/2219B priority 1 on link 199047502; GPS Ref: 515897;290929; Southbound,199047502,3,70,67.0896,2.51,1.0348001,32975,1198.87,23.1908,A1(M),"Motorway, dual 3 lanes",Southbound,A1(M) southbound within J16,,,exact_link_id,Motorway,Motorway
199047601,.0056304778,63877,0,***,A1M,52.482716,-.2864567,A1M/2194A,MIDAS site at A1M/2194A priority 1 on link 199047601; GPS Ref: 516461;288577; Northbound,199047601,4,70,67.098801,2.5641999,1.1482,38006.398,7483.2998,27.187401,A1(M),"Motorway, dual 4 or more lanes",Northbound,A1(M) northbound between J15 and J16,,,exact_link_id,Motorway,Motorway
199047701,.0041703861,11345,0,***,A1M,52.511944,-.29570961,A1M/2228B,MIDAS site at A1M/2228B priority 1 on link 199047701; GPS Ref: 515756;291813; Southbound,199047701,3,70,65.876404,3.3838,1.1966,36551.398,2828.1499,35.001202,A1(M),"Motorway, dual 3 lanes",Southbound,A1(M) southbound between J17 and J16,,,exact_link_id,Motorway,Motorway
199047801,-.00048922497,19546,0,***,A1M,52.52784,-.3133159,A1M/2248J,MIDAS site at A1M/2248J priority 1 on link 199047801; GPS Ref: 514520;293553; Northbound,,2.6182795,70,65.053261,4.5390429,1.7346398,27270.688,2373.9194,38.410652,,,,,,,highway_mean,Motorway,Motorway
199047902,-.0042188358,-.001287,0,***,A1M,52.533257,-.31756124,A1M/2255M,MIDAS site at A1M/2255M priority 1 on link 199047902; GPS Ref: 514218;294149; Southbound,,2.6182795,70,65.053261,4.5390429,1.7346398,27270.688,2373.9194,38.410652,,,,,,,highway_mean,Motorway,Motorway
199047903,.0052933805,32247,0,***,A1M,52.53207,-.31682518,A1M/2254B,MIDAS site at A1M/2254B priority 1 on link 199047903; GPS Ref: 514271;294018; Southbound,199047903,3,70,66.502197,3.1082001,1.1884,16432.6,439.29001,14.553,A1(M),"Motorway, dual 3 lanes",Southbound,A1(M) southbound within J17,,,exact_link_id,Motorway,Motorway
199048001,.004287445,25011,0,***,A1M,52.512482,-.29638135,A1M/2229A,MIDAS site at A1M/2229A priority 1 on link 199048001; GPS Ref: 515709;291872; Northbound,199048001,3,70,63.804798,5.0475998,1.595,38450.398,2414.24,54.092602,A1(M),"Motorway, dual 3 lanes",Northbound,A1(M) northbound between J16 and J17,,,exact_link_id,Motorway,Motorway
199049001,-.0020526457,39025,0,***,M11,52.100071,.136214,M11/6748K,MIDAS site at M11/6748K priority 1 on link 199049001; GPS Ref: 546416;246788; Northbound,,2.180723,70,60.502037,8.610837,3.0260782,31166.662,3604.771,76.947533,,,,,,,highway_mean,Motorway,Motorway
199049002,.0048493361,25275,0,***,M11,52.099735,.1368842,M11/6747A,MIDAS site at M11/6747A priority 1 on link 199049002; GPS Ref: 546463;246752; Northbound,199049002,2,70,64.697601,4.4665999,1.77,20509,669.63,25.684601,M11,"Motorway, dual 2 lanes",Northbound,M11 northbound within J10,,,exact_link_id,Motorway,Motorway
199049101,.0048280419,37003,0,***,M11,52.063133,.18268199,M11/6694A,MIDAS site at M11/6694A priority 1 on link 199049101; GPS Ref: 549722;242775; Northbound,199049101,2,70,64.150002,4.8699999,1.5696,21961,5740.1099,29.692801,M11,"Motorway, dual 2 lanes",Northbound,M11 northbound between J9 and J10,,,exact_link_id,Motorway,Motorway
199049201,-.0014848827,9364,0,***,M11,52.09679,.14001398,M11/6743M,MIDAS site at M11/6743M priority 1 on link 199049201; GPS Ref: 546687;246431; Southbound,,2.180723,70,60.502037,8.610837,3.0260782,31166.662,3604.771,76.947533,,,,,,,highway_mean,Motorway,Motorway
199049202,.0063992939,8657,0,***,M11,52.096642,.13986079,M11/6743B,MIDAS site at M11/6743B priority 1 on link 199049202; GPS Ref: 546677;246414; Southbound,199049202,2,70,63.322601,5.6808,2.3072,20397.6,670.56,34.085602,M11,"Motorway, dual 2 lanes",Southbound,M11 southbound within J10,,,exact_link_id,Motorway,Motorway
199049401,-.010206068,33596,0,***,M11,52.213234,.078373194,M11/6885M,MIDAS site at M11/6885M priority 1 on link 199049401; GPS Ref: 542094;259258; Southbound,,2.180723,70,60.502037,8.610837,3.0260782,31166.662,3604.771,76.947533,,,,,,,highway_mean,Motorway,Motorway
199049402,-.0067961183,-.0176752,0,***,M11,52.214012,.078262977,M11/6886B,MIDAS site at M11/6886B priority 1 on link 199049402; GPS Ref: 542084;259344; Southbound,199049402,2,70,53.341,17.0476,5.9661999,31500.4,1894.3,160.3396,M11,"Motorway, dual 2 lanes",Southbound,M11 southbound between J14 and J13,,,exact_link_id,Motorway,Motorway
199049601,-.0050837593,-.0021764,0,***,M11,52.18977,.074060157,M11/6859K,MIDAS site at M11/6859K priority 1 on link 199049601; GPS Ref: 541874;256640; Northbound,,2.180723,70,60.502037,8.610837,3.0260782,31166.662,3604.771,76.947533,,,,,,,highway_mean,Motorway,Motorway
199049602,-.00247637,-.0090180002,0,***,M11,52.188129,.07474459,M11/6857A,MIDAS site at M11/6857A priority 1 on link 199049602; GPS Ref: 541926;256459; Northbound,199049602,2,70,54.801998,14.888,5.1919999,32242,783.06,136.14259,M11,"Motorway, dual 2 lanes",Northbound,M11 northbound within J12,,,exact_link_id,Motorway,Motorway
199049701,-.0065054805,-.00076000002,0,***,M11,52.188503,.075464249,M11/6857M,MIDAS site at M11/6857M priority 1 on link 199049701; GPS Ref: 541974;256502; Southbound,,2.180723,70,60.502037,8.610837,3.0260782,31166.662,3604.771,76.947533,,,,,,,highway_mean,Motorway,Motorway
199049702,.0024656947,431,.0089999996,**,M11,52.192574,.074263752,M11/6862B,MIDAS site at M11/6862B priority 1 on link 199049702; GPS Ref: 541879;256952; Southbound,199049702,2,70,60.313801,8.4726,2.5352001,30754,1049.46,75.735802,M11,"Motorway, dual 2 lanes",Southbound,M11 southbound within J12,,,exact_link_id,Motorway,Motorway
199050001,-.0026189177,51346,74982,,M11,52.161263,.10106988,M11/6821K,MIDAS site at M11/6821K priority 1 on link 199050001; GPS Ref: 543812;253523; Northbound,,2.180723,70,60.502037,8.610837,3.0260782,31166.662,3604.771,76.947533,,,,,,,highway_mean,Motorway,Motorway
199050002,-.00092571479,-.0109174,0,***,M11,52.160263,.10334738,M11/6820A,MIDAS site at M11/6820A priority 1 on link 199050002; GPS Ref: 543971;253416; Northbound,199050002,2,70,55.265598,14.5508,6.46,24860,882.53998,104.1616,M11,"Motorway, dual 2 lanes",Northbound,M11 northbound within J11,,,exact_link_id,Motorway,Motorway
199050202,.0043334132,22356,0,***,M11,52.160339,.10351189,M11/6820B,MIDAS site at M11/6820B priority 1 on link 199050202; GPS Ref: 543982;253425; Southbound,199050202,2,70,63.214401,5.6652002,1.6984,25176.4,801.34003,39.889599,M11,"Motorway, dual 2 lanes",Southbound,M11 southbound within J11,,,exact_link_id,Motorway,Motorway
199050301,.003416718,6424,0,***,M11,52.21405,.078059882,M11/6886A,MIDAS site at M11/6886A priority 1 on link 199050301; GPS Ref: 542070;259348; Northbound,199050301,2,70,61.9618,6.7389998,1.601,31507.4,1927.53,59.327801,M11,"Motorway, dual 2 lanes",Northbound,M11 northbound between J13 and J14,,,exact_link_id,Motorway,Motorway
199050901,.0038056332,55607,0,***,M11,52.063229,.18283257,M11/6694B,MIDAS site at M11/6694B priority 1 on link 199050901; GPS Ref: 549732;242786; Southbound,199050901,2,70,55.275799,14.4808,7.0872002,21705,5326.4902,93.874802,M11,"Motorway, dual 2 lanes",Southbound,M11 southbound between J10 and J9,,,exact_link_id,Motorway,Motorway
199051201,.0019215432,57478,0,***,M11,52.063442,.18393719,M11/6693J,MIDAS site at M11/6693J priority 1 on link 199051201; GPS Ref: 549807;242812; Northbound,199051201,2,70,62.176399,6.5380001,1.8028001,16136.4,1986.0601,28.5952,M11,"Motorway, dual 2 lanes",Northbound,link road from M11 J9 northbound to A11 northbound,,,exact_link_id,Motorway,Motorway
199136901,.0098701399,59803,0,***,A14,52.234768,.10839147,A14/0982A,MIDAS site at A14/0982A priority 1 on link 199136901; GPS Ref: 544075;261712; Eastbound,199136901,3,70,66.078796,3.3986001,1.4809999,28440,719.03003,27.5254,A14,Rural all-purpose dual 3 or more lane carriageway,Eastbound,A14 eastbound within J32,,,exact_link_id,Rural all-purpose,Rural all-purpose
199136902,-.0041659125,33255,0,***,A14,52.235603,.115622,A14/0987K,MIDAS site at A14/0987K priority 1 on link 199136902; GPS Ref: 544566;261819; Eastbound,,2.2111716,70,61.754242,7.3049579,2.1724114,24210.299,2106.115,50.134014,,,,,,,highway_mean,Rural all-purpose,Rural all-purpose
199137001,.010032159,80904,0,***,A14,52.234768,.10951907,A14/0982B,MIDAS site at A14/0982B priority 1 on link 199137001; GPS Ref: 544152;261714; Westbound,199137001,3,70,63.792,5.1227999,1.5934,27412,726.84998,38.7672,A14,Rural all-purpose dual 3 or more lane carriageway,Westbound,A14 westbound within J32,,,exact_link_id,Rural all-purpose,Rural all-purpose
199137002,-.0076673711,50673,0,***,A14,52.23457,.10844065,A14/0982M,MIDAS site at A14/0982M priority 1 on link 199137002; GPS Ref: 544079;261690; Westbound,,2.2111716,70,61.754242,7.3049579,2.1724114,24210.299,2106.115,50.134014,,,,,,,highway_mean,Rural all-purpose,Rural all-purpose
199137201,.0074316612,6347,59855,,A14,52.236099,.1240231,A14/0992B,MIDAS site at A14/0992B priority 1 on link 199137201; GPS Ref: 545138;261891; Westbound,199137201,3,70,61.389,7.2371998,1.5427999,33453.398,1825.63,67.382202,A14,Rural all-purpose dual 3 or more lane carriageway,Westbound,A14 westbound between J33 and J32,,,exact_link_id,Rural all-purpose,Rural all-purpose
199137301,-.0043926747,-.0032935,0,***,A14,52.234795,.10792407,A14/0982J,MIDAS site at A14/0982J priority 1 on link 199137301; GPS Ref: 544043;261714; Eastbound,,2.2111716,70,61.754242,7.3049579,2.1724114,24210.299,2106.115,50.134014,,,,,,,highway_mean,Rural all-purpose,Rural all-purpose
199137501,-.0048439833,-.0033871999,0,***,A14,52.234917,.11412494,A14/0987L,MIDAS site at A14/0987L priority 1 on link 199137501; GPS Ref: 544466;261740; Westbound,,2.2111716,70,61.754242,7.3049579,2.1724114,24210.299,2106.115,50.134014,,,,,,,highway_mean,Rural all-purpose,Rural all-purpose
200129666,.009759943,122978,0,***,A14,52.309883,-.24242415,A14/0714B,MIDAS site at A14/0714B priority 1 on link 200129666; GPS Ref: 519918;269427; Westbound,200129666,2,70,63.527199,5.289,1.5562,16363.8,2869.24,24.2892,A14,Rural all-purpose dual 2 lane carriageway,Westbound,A14 westbound between J22 and J21,,,exact_link_id,Rural all-purpose,Rural all-purpose
200129667,.0077342605,79607,0,***,A1,52.325882,-.24799792,A1/2018B,MIDAS site at A1/2018B priority 1 on link 200129667; GPS Ref: 519495;271197; Southbound,200129667,3,70,62.221401,6.4668002,1.7484,19073.6,1515.9399,35.1404,A1,Rural all-purpose dual 3 or more lane carriageway,Southbound,A1 southbound between A141 and A14 J22,,,exact_link_id,Rural all-purpose,Rural all-purpose
200129668,.01260401,140525,0,***,A1,52.311058,-.24403533,A1/2001B,MIDAS site at A1/2001B priority 1 on link 200129668; GPS Ref: 519805;269555; Southbound,200129668,2,70,55.603802,13.4136,1.9177999,18975.4,1233.85,71.360603,A1,Rural all-purpose dual 2 lane carriageway,Southbound,A1 southbound between A14 J22 and B1514,,,exact_link_id,Rural all-purpose,Rural all-purpose
200129669,.0040031387,46871,0,***,A14,52.308537,-.24020374,A14/0716K,MIDAS site at A14/0716K priority 1 on link 200129669; GPS Ref: 520073;269281; Southbound,,2.2111716,70,61.754242,7.3049579,2.1724114,24210.299,2106.115,50.134014,,,,,,,highway_mean,Rural all-purpose,Rural all-purpose
200129681,.0052599981,25681,0,***,A1,52.328568,-.24793582,A1/2021B,MIDAS site at A1/2021B priority 1 on link 200129681; GPS Ref: 519492;271496; Southbound,200129681,3,70,63.824799,5.0627999,1.8218,26235.801,924.63,37.7948,A1,Rural all-purpose dual 3 or more lane carriageway,Southbound,A1 southbound within the A141 junction,,,exact_link_id,Rural all-purpose,Rural all-purpose
200129688,.0024025629,26638,0,***,A1,52.3223,-.24733222,A1/2014A,MIDAS site at A1/2014A priority 1 on link 200129688; GPS Ref: 519550;270800; Northbound,200129688,3,70,63.865398,4.9614,1.3454,39186,1419.22,54.128201,A1,Rural all-purpose dual 3 or more lane carriageway,Northbound,A1 northbound between A14 J22 and A141,,,exact_link_id,Rural all-purpose,Rural all-purpose
200129689,-.000084728941,-.0081778998,0,***,A1,52.328583,-.24837548,A1/2021J,MIDAS site at A1/2021J priority 1 on link 200129689; GPS Ref: 519462;271497; Northbound,,2.0552018,65.859871,56.405014,11.176463,3.2159512,21661.258,1624.5886,67.254593,,,,,,,highway_mean,Rural all-purpose,Rural all-purpose
200129692,.010687761,108676,0,***,A1,52.335041,-.24961762,A1/2027A,MIDAS site at A1/2027A priority 1 on link 200129692; GPS Ref: 519360;272213; Northbound,200129692,3,70,66.740799,2.652,.98220003,29603.4,936.58002,21.8496,A1,Rural all-purpose dual 3 or more lane carriageway,Northbound,A1 northbound within the A141 junction,,,exact_link_id,Rural all-purpose,Rural all-purpose
200129693,-.0056512631,46875,0,***,A1,52.335033,-.24988203,A1/2027K,MIDAS site at A1/2027K priority 1 on link 200129693; GPS Ref: 519342;272212; Northbound,,2.0552018,65.859871,56.405014,11.176463,3.2159512,21661.258,1624.5886,67.254593,,,,,,,highway_mean,Rural all-purpose,Rural all-purpose
200129695,-.0066877468,-.0030425999,0,***,A1,52.335106,-.24907203,A1/2027L,MIDAS site at A1/2027L priority 1 on link 200129695; GPS Ref: 519397;272221; Southbound,,2.0552018,65.859871,56.405014,11.176463,3.2159512,21661.258,1624.5886,67.254593,,,,,,,highway_mean,Rural all-purpose,Rural all-purpose
200129696,-.0010992731,-.0017981,0,***,A14,52.275311,-.014240802,A14/0877K,MIDAS site at A14/0877K priority 1 on link 200129696; GPS Ref: 535578;265984; Eastbound,,2.2111716,70,61.754242,7.3049579,2.1724114,24210.299,2106.115,50.134014,,,,,,,highway_mean,Rural all-purpose,Rural all-purpose
200129697,.012006823,131016,0,***,A14,52.275459,-.018426524,A14/0874B,MIDAS site at A14/0874B priority 1 on link 200129697; GPS Ref: 535292;265993; Westbound,200129697,3,70,64.461197,4.5084,1.4148,29108,1061.72,36.542599,A14,Rural all-purpose dual 3 or more lane carriageway,Westbound,A14 westbound within J24B,,,exact_link_id,Rural all-purpose,Rural all-purpose
200129698,.00021050581,-.0015938,0,***,A14,52.274155,-.017224124,A14/0876L,MIDAS site at A14/0876L priority 1 on link 200129698; GPS Ref: 535378;265850; Westbound,,2.2111716,70,61.754242,7.3049579,2.1724114,24210.299,2106.115,50.134014,,,,,,,highway_mean,Rural all-purpose,Rural all-purpose
200129699,.0067382758,64372,0,***,A14,52.270161,-.0063801585,A14/0885B,MIDAS site at A14/0885B priority 1 on link 200129699; GPS Ref: 536130;265426; Westbound,200129699,3,70,62.423599,6.2645998,1.2996,34249.801,753.28998,58.4272,A14,Rural all-purpose dual 3 or more lane carriageway,Westbound,A14 westbound within J24A Cambridge Services,,,exact_link_id,Rural all-purpose,Rural all-purpose
200129700,-.0030042387,-.0014687,0,***,A14,52.270931,-.0089252526,A14/0883L,MIDAS site at A14/0883L priority 1 on link 200129700; GPS Ref: 535954;265507; Westbound,,2.2111716,70,61.754242,7.3049579,2.1724114,24210.299,2106.115,50.134014,,,,,,,highway_mean,Rural all-purpose,Rural all-purpose
200129704,.017584192,196212,0,***,A14,52.292614,-.15236796,A14/0779B,MIDAS site at A14/0779B priority 1 on link 200129704; GPS Ref: 526106;267659; Westbound,200129704,3,70,62.0802,6.7096,2.5706,31414,941.70001,59.7644,A14,Rural all-purpose dual 3 or more lane carriageway,Westbound,A14 westbound between J24B and J23,,,exact_link_id,Rural all-purpose,Rural all-purpose
200129705,.00072876463,55674,0,***,A14,52.292572,-.15379207,A14/0778M,MIDAS site at A14/0778M priority 1 on link 200129705; GPS Ref: 526009;267652; Westbound,,2.2111716,70,61.754242,7.3049579,2.1724114,24210.299,2106.115,50.134014,,,,,,,highway_mean,Rural all-purpose,Rural all-purpose
200129707,-.0041695009,60007,0,***,A14,52.276974,-.022243863,A14/0870M,MIDAS site at A14/0870M priority 1 on link 200129707; GPS Ref: 535027;266154; Westbound,,2.2111716,70,61.754242,7.3049579,2.1724114,24210.299,2106.115,50.134014,,,,,,,highway_mean,Rural all-purpose,Rural all-purpose
200129708,-.0035413629,20026,0,***,A14,52.276398,-.020114556,A14/0871J,MIDAS site at A14/0871J priority 1 on link 200129708; GPS Ref: 535174;266094; Eastbound,,2.2111716,70,61.754242,7.3049579,2.1724114,24210.299,2106.115,50.134014,,,,,,,highway_mean,Rural all-purpose,Rural all-purpose
200129709,.0077660289,74893,0,***,A14,52.274986,-.016996419,A14/0875A,MIDAS site at A14/0875A priority 1 on link 200129709; GPS Ref: 535391;265943; Eastbound,200129709,3,70,61.481201,7.2518001,2.9732001,32921,940.63,67.806,A14,Rural all-purpose dual 3 or more lane carriageway,Eastbound,A14 eastbound within J24B,,,exact_link_id,Rural all-purpose,Rural all-purpose
200129714,.0056087309,61747,0,***,A14,52.300411,-.22295548,A14/0731A,MIDAS site at A14/0731A priority 1 on link 200129714; GPS Ref: 521271;268406; Eastbound,200129714,3,70,63.499401,5.2955999,1.4866,36439.602,5654.0601,54.067402,A14,Rural all-purpose dual 3 or more lane carriageway,Eastbound,A14 eastbound between J22 and J23,,,exact_link_id,Rural all-purpose,Rural all-purpose
200129715,.0018523554,20332,0,***,A14,52.29306,-.15523809,A14/0777J,MIDAS site at A14/0777J priority 1 on link 200129715; GPS Ref: 525909;267704; Eastbound,,2.2111716,70,61.754242,7.3049579,2.1724114,24210.299,2106.115,50.134014,,,,,,,highway_mean,Rural all-purpose,Rural all-purpose
200129716,.0021653764,11033,1370,,A14,52.292751,-.15261149,A14/0779A,MIDAS site at A14/0779A priority 1 on link 200129716; GPS Ref: 526089;267674; Eastbound,200129716,3,70,64.900597,4.1149998,1.2746,32972.199,767.33002,38.058201,A14,Rural all-purpose dual 3 or more lane carriageway,Eastbound,A14 eastbound between J23 and J24B,,,exact_link_id,Rural all-purpose,Rural all-purpose
200129718,.0085555725,98679,0,***,A14,52.299324,-.21103156,A14/0739B,MIDAS site at A14/0739B priority 1 on link 200129718; GPS Ref: 522087;268305; Westbound,200129718,3,70,61.021599,7.6862001,2.1802001,33355.199,5912.6401,73.470802,A14,Rural all-purpose dual 3 or more lane carriageway,Westbound,A14 westbound between J23 and J22,,,exact_link_id,Rural all-purpose,Rural all-purpose
200129719,.0077045965,54717,0,***,A14,52.331089,-.25543863,A14/0688A,MIDAS site at A14/0688A priority 1 on link 200129719; GPS Ref: 518974;271764; Eastbound,200129719,2,70,64.683601,4.3842001,1.3822,16189.4,636.91998,20.018999,A14,Rural all-purpose dual 2 lane carriageway,Eastbound,A14 eastbound between J21 and J22,,,exact_link_id,Rural all-purpose,Rural all-purpose
200129720,-.0035394011,-.0039098002,0,***,A14,52.332336,-.26067328,A14/0685J,MIDAS site at A14/0685J priority 1 on link 200129720; GPS Ref: 518614;271894; Eastbound,,2.2111716,70,61.754242,7.3049579,2.1724114,24210.299,2106.115,50.134014,,,,,,,highway_mean,Rural all-purpose,Rural all-purpose
200129722,.0059652273,69654,0,***,A14,52.32608,-.24697743,A14/0696A,MIDAS site at A14/0696A priority 1 on link 200129722; GPS Ref: 519564;271221; Eastbound,200129722,2,70,64.044998,4.8699999,1.6496,16624.6,3174.79,22.807199,A14,Rural all-purpose dual 2 lane carriageway,Eastbound,A14 eastbound between J21 and J22,,,exact_link_id,Rural all-purpose,Rural all-purpose
200129723,.0077445419,83298,0,***,A14,52.292522,-.13522938,A14/0791A,MIDAS site at A14/0791A priority 1 on link 200129723; GPS Ref: 527275;267679; Eastbound,200129723,3,70,64.055801,4.823,1.5066,32617.6,8937.1797,44.113602,A14,Rural all-purpose dual 3 or more lane carriageway,Eastbound,A14 eastbound between J23 and J24B,,,exact_link_id,Rural all-purpose,Rural all-purpose
200129724,.0075050588,8931,0,***,A14,52.292255,-.10539902,A14/0811B,MIDAS site at A14/0811B priority 1 on link 200129724; GPS Ref: 529310;267702; Westbound,200129724,3,70,63.292999,5.4967999,1.7608,31930.6,8516.9902,49.126598,A14,Rural all-purpose dual 3 or more lane carriageway,Westbound,A14 westbound between J24B and J23,,,exact_link_id,Rural all-purpose,Rural all-purpose
200129725,.0011048386,13105,0,***,A14,52.309822,-.24430428,A14/0713L,MIDAS site at A14/0713L priority 1 on link 200129725; GPS Ref: 519790;269417; Westbound,,2.2111716,70,61.754242,7.3049579,2.1724114,24210.299,2106.115,50.134014,,,,,,,highway_mean,Rural all-purpose,Rural all-purpose
200129726,.01044119,106408,0,***,A1,52.313545,-.24434775,A1/2004A,MIDAS site at A1/2004A priority 1 on link 200129726; GPS Ref: 519777;269831; Northbound,200129726,2,70,61.9314,6.7035999,1.5125999,19795,1157.33,36.8564,A1,Rural all-purpose dual 2 lane carriageway,Northbound,A1 northbound between B1514 and A14 J22,,,exact_link_id,Rural all-purpose,Rural all-purpose
200129728,-.0028037154,61023,0,***,A14,52.331894,-.26069054,A14/0685M,MIDAS site at A14/0685M priority 1 on link 200129728; GPS Ref: 518614;271845; Westbound,,2.2111716,70,61.754242,7.3049579,2.1724114,24210.299,2106.115,50.134014,,,,,,,highway_mean,Rural all-purpose,Rural all-purpose
200129730,.01007498,188211,0,***,A14,52.330948,-.25553229,A14/0688B,MIDAS site at A14/0688B priority 1 on link 200129730; GPS Ref: 518968;271748; Westbound,200129730,2,70,63.230999,5.5984001,1.9292001,16127.2,628.27002,25.138399,A14,Rural all-purpose dual 2 lane carriageway,Westbound,A14 westbound between J22 and J21,,,exact_link_id,Rural all-purpose,Rural all-purpose
200129745,.0031326078,-.00046139999,.0020000001,**,A14M,52.377357,-.25274968,A14M/7192A,MIDAS site at A14M/7192A priority 1 on link 200129745; GPS Ref: 519033;276914; Northbound,200129745,2,70,65.031601,4.0057998,1.153,6071.7998,1569.8,6.6733999,A1(M),Rural all-purpose dual 2 lane carriageway,Northbound,A1(M) J14 northbound access,,,exact_link_id,Rural all-purpose,Rural all-purpose
200129746,-.008435702,16395,0,***,A14M,52.372097,-.24312946,A14M/7182L,MIDAS site at A14M/7182L priority 1 on link 200129746; GPS Ref: 519702;276345; Southbound,,,,,,,,,,,,,,,,no_match,Rural all-purpose,Rural all-purpose
200129747,-.01510249,10439,0,***,A14M,52.369602,-.24054022,A14M/7180M,MIDAS site at A14M/7180M priority 1 on link 200129747; GPS Ref: 519885;276072; Eastbound,,,,,,,,,,,,,,,,no_match,Rural all-purpose,Rural all-purpose
200129826,.0082827043,35814,0,***,A14M,52.369514,-.24069059,A14M/7180B,MIDAS site at A14M/7180B priority 1 on link 200129826; GPS Ref: 519875;276062; Southbound,200129826,2,70,68.628799,1.5806,.86540002,5441,506.92001,2.411,A1(M),Rural all-purpose dual 2 lane carriageway,Southbound,A1(M) southbound within the B1043 junction,,,exact_link_id,Rural all-purpose,Rural all-purpose
200129827,-.0041659405,-.0027012001,0,***,A14M,52.369686,-.24119799,A14M/7181J,MIDAS site at A14M/7181J priority 1 on link 200129827; GPS Ref: 519840;276080; Westbound,,,,,,,,,,,,,,,,no_match,Rural all-purpose,Rural all-purpose
200129835,-.023294296,51684,0,***,A14M,52.373432,-.24595578,A14M/7184K,MIDAS site at A14M/7184K priority 1 on link 200129835; GPS Ref: 519506;276489; Northbound,,,,,,,,,,,,,,,,no_match,Rural all-purpose,Rural all-purpose
200129836,.0051369527,-.0011402,0,***,A14M,52.369484,-.24089755,A14M/7180A,MIDAS site at A14M/7180A priority 1 on link 200129836; GPS Ref: 519861;276058; Northbound,200129836,2,70,67.688797,1.9296,.75160003,5023.7998,751.31,2.6989999,A1(M),Rural all-purpose dual 2 lane carriageway,Northbound,A1(M) northbound within the B1043 junction,,,exact_link_id,Rural all-purpose,Rural all-purpose
200129956,.0040665828,-.000030200001,.82800001,,A14M,52.37748,-.25255382,A14M/7192B,MIDAS site at A14M/7192B priority 1 on link 200129956; GPS Ref: 519046;276928; Southbound,200129956,2,70,65.589401,3.5002,1.0148,6287.2002,1185.92,6.0454001,A1(M),Rural all-purpose dual 2 lane carriageway,Southbound,A1(M) J14 southbound exit,,,exact_link_id,Rural all-purpose,Rural all-purpose
200130046,.0026414772,622,3366,,A14,52.265572,.0044348724,A14/0895A,MIDAS site at A14/0895A priority 1 on link 200130046; GPS Ref: 536882;264936; Eastbound,200130046,3,70,61.3578,7.3615999,2.4898,41778.801,2212.54,86.981598,A14,Rural all-purpose dual 3 or more lane carriageway,Eastbound,A14 eastbound between J24B and J25,,,exact_link_id,Rural all-purpose,Rural all-purpose
200130047,-.003648089,-.0061512999,0,***,A14,52.257885,.023752583,A14/0902J,MIDAS site at A14/0902J priority 1 on link 200130047; GPS Ref: 538224;264118; Eastbound,,2.2111716,70,61.754242,7.3049579,2.1724114,24210.299,2106.115,50.134014,,,,,,,highway_mean,Rural all-purpose,Rural all-purpose
200130048,.0045733443,6898,0,***,A14,52.259754,.018650252,A14/0903A,MIDAS site at A14/0903A priority 1 on link 200130048; GPS Ref: 537870;264316; Eastbound,200130048,3,70,61.7178,7.0040002,2.4630001,39985.801,916.66998,79.2416,A14,Rural all-purpose dual 3 or more lane carriageway,Eastbound,A14 eastbound within J25,,,exact_link_id,Rural all-purpose,Rural all-purpose
200130049,-.0016547078,-.0028643,0,***,A14,52.257389,.024916857,A14/0909K,MIDAS site at A14/0909K priority 1 on link 200130049; GPS Ref: 538305;264065; Eastbound,,2.2111716,70,61.754242,7.3049579,2.1724114,24210.299,2106.115,50.134014,,,,,,,highway_mean,Rural all-purpose,Rural all-purpose
200130073,-.0039109974,-.0072460002,0,***,A14,52.253544,.032111403,A14/0920A,MIDAS site at A14/0920A priority 1 on link 200130073; GPS Ref: 538808;263651; Eastbound,200130073,4,70,59.982201,8.7186003,2.4679999,36457.801,2591.5,88.944603,A14,Rural all-purpose dual 3 or more lane carriageway,Eastbound,A14 eastbound between J25 and J31,,,exact_link_id,Rural all-purpose,Rural all-purpose
200130074,.0091392146,97965,0,***,A14,52.255005,.028720306,A14/0915B,MIDAS site at A14/0915B priority 1 on link 200130074; GPS Ref: 538572;263807; Westbound,200130074,4,70,62.443001,6.2484002,1.4642,36956.398,2499.6699,64.700401,A14,Rural all-purpose dual 3 or more lane carriageway,Westbound,A14 westbound between J31 and J25,,,exact_link_id,Rural all-purpose,Rural all-purpose
200130081,.0064168987,7631,0,***,A14,52.263695,.0083657745,A14/0899B,MIDAS site at A14/0899B priority 1 on link 200130081; GPS Ref: 537156;264735; Westbound,200130081,3,70,62.798801,5.9266,1.266,40712,1550.8101,68.8078,A14,Rural all-purpose dual 3 or more lane carriageway,Westbound,A14 westbound between J25 and J24A,,,exact_link_id,Rural all-purpose,Rural all-purpose
200130082,.0082801962,6107,0,***,A14,52.255928,.026813664,A14/0907B,MIDAS site at A14/0907B priority 1 on link 200130082; GPS Ref: 538439;263906; Westbound,200130082,3,70,63.547401,5.2653999,1.4166,37569.602,993.64001,54.625,A14,Rural all-purpose dual 3 or more lane carriageway,Westbound,A14 westbound within J25,,,exact_link_id,Rural all-purpose,Rural all-purpose
200130084,-.004508296,94383,0,***,A14,52.257259,.022976832,A14/0904M,MIDAS site at A14/0904M priority 1 on link 200130084; GPS Ref: 538173;264047; Westbound,,2.2111716,70,61.754242,7.3049579,2.1724114,24210.299,2106.115,50.134014,,,,,,,highway_mean,Rural all-purpose,Rural all-purpose
200130111,-.0026793266,-.0018523,0,***,A14,52.255718,.026862806,A14/0908L,MIDAS site at A14/0908L priority 1 on link 200130111; GPS Ref: 538443;263883; Westbound,,2.2111716,70,61.754242,7.3049579,2.1724114,24210.299,2106.115,50.134014,,,,,,,highway_mean,Rural all-purpose,Rural all-purpose
200130120,.000017611543,6025324,0,***,A14,52.23127,.074528933,A14/0955L,MIDAS site at A14/0955L priority 1 on link 200130120; GPS Ref: 541774;261256; Westbound,200130120,2,70,65.397598,3.8150001,1.4484,8897.7998,3463,9.4222002,A428,Rural all-purpose dual 2 lane carriageway,Westbound,A428 westbound between M11/A14 and A1303,,,exact_link_id,Rural all-purpose,Rural all-purpose
200130182,-.00052926986,811,0,***,A14,52.231331,.074487969,A14/0955B,MIDAS site at A14/0955B priority 1 on link 200130182; GPS Ref: 541771;261263; Westbound,,2.2111716,70,61.754242,7.3049579,2.1724114,24210.299,2106.115,50.134014,,,,,,,highway_mean,Rural all-purpose,Rural all-purpose
200130188,-.0046358733,39502,0,***,A14,52.237492,.062208567,A14/0941M,MIDAS site at A14/0941M priority 1 on link 200130188; GPS Ref: 540913;261924; Westbound,,2.2111716,70,61.754242,7.3049579,2.1724114,24210.299,2106.115,50.134014,,,,,,,highway_mean,Rural all-purpose,Rural all-purpose
200130223,.0059021702,-.0010735,0,***,A14,52.233845,.09827169,A14/0975A,MIDAS site at A14/0975A priority 1 on link 200130223; GPS Ref: 543387;261589; Eastbound,200130223,3,70,63.033401,5.7645998,1.4848,21326,1678.33,34.229401,A14,Rural all-purpose dual 3 or more lane carriageway,Eastbound,A14 eastbound between J31 and J32,,,exact_link_id,Rural all-purpose,Rural all-purpose
200130224,.0084187482,74091,0,***,A14,52.233833,.099398851,A14/0975B,MIDAS site at A14/0975B priority 1 on link 200130224; GPS Ref: 543464;261590; Westbound,200130224,3,70,62.2616,6.4247999,1.52,35820.199,1709.49,64.6912,A14,Rural all-purpose dual 3 or more lane carriageway,Westbound,A14 westbound between J32 and J31,,,exact_link_id,Rural all-purpose,Rural all-purpose
200130235,.0037644817,47005,0,***,M11,52.229435,.071997888,M11/6904A,MIDAS site at M11/6904A priority 1 on link 200130235; GPS Ref: 541607;261047; Northbound,200130235,2,70,61.800201,6.8667998,1.4948,26526,398.01999,50.4958,M11,"Motorway, dual 2 lanes",Northbound,M11 northbound within J14,,,exact_link_id,Motorway,Motorway
200130238,-.00022233384,-.0087663997,0,***,M11,52.229595,.072107844,M11/6904B,MIDAS site at M11/6904B priority 1 on link 200130238; GPS Ref: 541614;261065; Southbound,200130238,2,70,52.9804,17.552999,6.7816,25655.4,1243.01,130.23959,M11,"Motorway, dual 2 lanes",Southbound,M11 southbound within J14 (after access to A1307),,,exact_link_id,Motorway,Motorway
200130239,.00607721,,,,M11,52.238106,.062647074,M11/6916B,MIDAS site at M11/6916B priority 1 on link 200130239; GPS Ref: 540941;261993; Southbound,200130239,2,70,57.9632,11.1856,3.8202,27228.199,523.17999,90.270798,M11,"Motorway, dual 2 lanes",Southbound,M11 southbound within J14 (before access to A1307),,,exact_link_id,Motorway,Motorway
200130251,-.0016595098,-.0025361001,0,***,M11,52.237373,.063843459,M11/6914L,MIDAS site at M11/6914L priority 1 on link 200130251; GPS Ref: 541025;261914; Eastbound,,2.180723,70,60.502037,8.610837,3.0260782,31166.662,3604.771,76.947533,,,,,,,highway_mean,Motorway,Motorway
200130252,.01281388,262424,0,***,M11,52.229664,.072652988,M11/6904M,MIDAS site at M11/6904M priority 1 on link 200130252; GPS Ref: 541651;261074; Southbound,,2.180723,70,60.502037,8.610837,3.0260782,31166.662,3604.771,76.947533,,,,,,,highway_mean,Motorway,Motorway
200130256,.009212859,104882,0,***,A14,52.232307,.082353756,A14/0963B,MIDAS site at A14/0963B priority 1 on link 200130256; GPS Ref: 542305;261387; Westbound,200130256,3,70,62.268002,6.4022002,1.2534,22535.199,383.07001,40.8368,A14,Rural all-purpose dual 3 or more lane carriageway,Westbound,A14 westbound within J31 (before A428 westbound),,,exact_link_id,Rural all-purpose,Rural all-purpose
200130259,.0033567974,1571,0,***,A14,52.239525,.060589142,A14/0945A,MIDAS site at A14/0945A priority 1 on link 200130259; GPS Ref: 540796;262147; Eastbound,,2.2111716,70,61.754242,7.3049579,2.1724114,24210.299,2106.115,50.134014,,,,,,,highway_mean,Rural all-purpose,Rural all-purpose
200130379,-.0045163487,44601,0,***,M11,52.229416,.071909264,M11/6904J,MIDAS site at M11/6904J priority 1 on link 200130379; GPS Ref: 541601;261045; Northbound,,2.180723,70,60.502037,8.610837,3.0260782,31166.662,3604.771,76.947533,,,,,,,highway_mean,Motorway,Motorway
200130924,-.002875525,-.0018719001,0,***,A14,52.23811,.14550322,A14/1007J,MIDAS site at A14/1007J priority 1 on link 200130924; GPS Ref: 546598;262158; Eastbound,,2.2111716,70,61.754242,7.3049579,2.1724114,24210.299,2106.115,50.134014,,,,,,,highway_mean,Rural all-purpose,Rural all-purpose
A1 northbound between A47 and B1081 near Stamford (south),.0021093932,,,,A1,52.603439,-.42681092,A1/6504/1,TMU Site 6504/1 on link A1 northbound between A47 and B1081 near Stamford (south); GPS Ref: 506638;301788; Northbound,,2.0552018,65.859871,56.405014,11.176463,3.2159512,21661.258,1624.5886,67.254593,,,,,,,highway_mean,Rural all-purpose,Rural all-purpose
A1 northbound between B1041 and B661,-.00024338195,,,,A1,52.258835,-.26346153,A1/9933/1,TMU Site 9933/1 on A1 northbound between B1041 and B661; GPS Ref: 518620;263715; Northbound,,2.0552018,65.859871,56.405014,11.176463,3.2159512,21661.258,1624.5886,67.254593,,,,,,,highway_mean,Rural all-purpose,Rural all-purpose
A1 northbound between B1081 near Stamford (south) and A43,.0007717862,,,,A1,52.634563,-.47740188,A1/6505/1,TMU Site 6505/1 on link A1 northbound between B1081 near Stamford (south) and A43; GPS Ref: 503139;305176; Northbound,,2.0552018,65.859871,56.405014,11.176463,3.2159512,21661.258,1624.5886,67.254593,,,,,,,highway_mean,Rural all-purpose,Rural all-purpose
A1 northbound between B645/B1048 and B1041,.0064983764,,,,A1,52.240353,-.28019169,A1/6816/1,TMU Site 6816/1 on link A1 northbound between B645/B1048 and B1041; GPS Ref: 517527;261632; Northbound,,2.0552018,65.859871,56.405014,11.176463,3.2159512,21661.258,1624.5886,67.254593,,,,,,,highway_mean,Rural all-purpose,Rural all-purpose
A1 northbound exit for A47,-.025788255,,,,A1,52.585846,-.41542497,A1/6502/1,TMU Site 6502/1 on link A1 northbound exit for A47; GPS Ref: 507452;299848; Northbound,,2.0552018,65.859871,56.405014,11.176463,3.2159512,21661.258,1624.5886,67.254593,,,,,,,highway_mean,Rural all-purpose,Rural all-purpose
A1 northbound exit for A605,-.024282102,,,,A1,52.546406,-.33371001,A1/6782/1,TMU Site 6782/1 on link A1 northbound exit for A605; GPS Ref: 513089;295586; Northbound,,2.0552018,65.859871,56.405014,11.176463,3.2159512,21661.258,1624.5886,67.254593,,,,,,,highway_mean,Rural all-purpose,Rural all-purpose
A1 northbound exit for A6118,-.022849064,,,,A1,52.578018,-.41083688,A1/6501/1,TMU Site 6501/1 on link A1 northbound exit for A6118; GPS Ref: 507782;298984; Northbound,,2.0552018,65.859871,56.405014,11.176463,3.2159512,21661.258,1624.5886,67.254593,,,,,,,highway_mean,Rural all-purpose,Rural all-purpose
A1 northbound within the A47 junction,-.00016493496,,,,A1,52.586166,-.41501492,A1/6502/2,TMU Site 6502/2 on link A1 northbound within the A47 junction; GPS Ref: 507479;299884; Northbound,,2.0552018,65.859871,56.405014,11.176463,3.2159512,21661.258,1624.5886,67.254593,,,,,,,highway_mean,Rural all-purpose,Rural all-purpose
A1 northbound within the A605 junction,.0043809908,,,,A1,52.546684,-.33355209,A1/6782/2,TMU Site 6782/2 on link A1 northbound within the A605 junction; GPS Ref: 513099;295617; Northbound,,2.0552018,65.859871,56.405014,11.176463,3.2159512,21661.258,1624.5886,67.254593,,,,,,,highway_mean,Rural all-purpose,Rural all-purpose
A1 northbound within the A6118 junction,.00074541621,,,,A1,52.578186,-.41074219,A1/6501/2,TMU Site 6501/2 on link A1 northbound within the A6118 junction; GPS Ref: 507788;299003; Northbound,,2.0552018,65.859871,56.405014,11.176463,3.2159512,21661.258,1624.5886,67.254593,,,,,,,highway_mean,Rural all-purpose,Rural all-purpose
A1 southbound between A43 and B1081 near Stamford (south),-.0014836695,,,,A1,52.638798,-.49092528,A1/6506/2,TMU Site 6506/2 on link A1 southbound between A43 and B1081 near Stamford (south); GPS Ref: 502214;305628; Southbound,,2.0552018,65.859871,56.405014,11.176463,3.2159512,21661.258,1624.5886,67.254593,,,,,,,highway_mean,Rural all-purpose,Rural all-purpose
A1 southbound between B1041 and B645/B1048,.0030268987,,,,A1,52.23917,-.28114542,A1/6815/1,TMU Site 6815/1 on link A1 southbound between B1041 and B645/B1048; GPS Ref: 517465;261499; Southbound,,2.0552018,65.859871,56.405014,11.176463,3.2159512,21661.258,1624.5886,67.254593,,,,,,,highway_mean,Rural all-purpose,Rural all-purpose
A1 southbound between B661 and B1041,.0018240932,,,,A1,52.258793,-.26311147,A1/9933/2,TMU Site 9933/2 on A1 southbound between B661 and B1041; GPS Ref: 518644;263711; Southbound,,2.0552018,65.859871,56.405014,11.176463,3.2159512,21661.258,1624.5886,67.254593,,,,,,,highway_mean,Rural all-purpose,Rural all-purpose
A1 southbound exit for A1(M)/A605/A1139,-.0057224301,,,,A1,52.535873,-.32074946,A1/6783/1,TMU Site 6783/1 on link A1 southbound exit for A1(M)/A605/A1139; GPS Ref: 513995;294435; Southbound,,2.0552018,65.859871,56.405014,11.176463,3.2159512,21661.258,1624.5886,67.254593,,,,,,,highway_mean,Rural all-purpose,Rural all-purpose
A1 southbound exit for A43,-.0079084719,,,,A1,52.638916,-.49092126,A1/6506/1,TMU Site 6506/1 on link A1 southbound exit for A43; GPS Ref: 502214;305641; Southbound,,2.0552018,65.859871,56.405014,11.176463,3.2159512,21661.258,1624.5886,67.254593,,,,,,,highway_mean,Rural all-purpose,Rural all-purpose
A1 southbound exit for A47,-.022290016,,,,A1,52.586033,-.41454732,A1/6503/1,TMU Site 6503/1 on link A1 southbound exit for A47; GPS Ref: 507511;299870; Southbound,,2.0552018,65.859871,56.405014,11.176463,3.2159512,21661.258,1624.5886,67.254593,,,,,,,highway_mean,Rural all-purpose,Rural all-purpose
A1 southbound exit for A605,-.041294422,,,,A1,52.547478,-.33381701,A1/6781/1,TMU Site 6781/1 on link A1 southbound exit for A605; GPS Ref: 513079;295705; Southbound,,2.0552018,65.859871,56.405014,11.176463,3.2159512,21661.258,1624.5886,67.254593,,,,,,,highway_mean,Rural all-purpose,Rural all-purpose
A1 southbound within the A47 junction,.001180611,,,,A1,52.585953,-.4147273,A1/6503/2,TMU Site 6503/2 on link A1 southbound within the A47 junction; GPS Ref: 507499;299861; Southbound,,2.0552018,65.859871,56.405014,11.176463,3.2159512,21661.258,1624.5886,67.254593,,,,,,,highway_mean,Rural all-purpose,Rural all-purpose
A1 southbound within the A605 junction,.00080577913,,,,A1,52.547371,-.33388004,A1/6781/2,TMU Site 6781/2 on link A1 southbound within the A605 junction; GPS Ref: 513075;295693; Southbound,,2.0552018,65.859871,56.405014,11.176463,3.2159512,21661.258,1624.5886,67.254593,,,,,,,highway_mean,Rural all-purpose,Rural all-purpose
A11 northbound access from A505,-.0001621616,-.0030028,0,***,A11,52.120617,.21615288,A11/6312/1,TMU Site 6312/1 on link A11 northbound access from A505; GPS Ref: 551821;249237; Northbound,,2.0261097,69.686684,61.342773,8.8641596,2.35341,19161.164,2243.8093,45.348022,,,,,,,highway_mean,Rural all-purpose,Rural all-purpose
A11 northbound between A1301 and A505,.0042735017,,,,A11,52.120617,.21618207,A11/6312/2,TMU Site 6312/2 on link A11 northbound between A1301 and A505; GPS Ref: 551823;249237; Northbound,,2.0261097,69.686684,61.342773,8.8641596,2.35341,19161.164,2243.8093,45.348022,,,,,,,highway_mean,Rural all-purpose,Rural all-purpose
A11 northbound between A1307 and A1304,.0011352805,,,,A11,52.167454,.27078775,A11/6309/1,TMU Site 6309/1 on link A11 northbound between A1307 and A1304; GPS Ref: 555398;254561; Northbound,,2.0261097,69.686684,61.342773,8.8641596,2.35341,19161.164,2243.8093,45.348022,,,,,,,highway_mean,Rural all-purpose,Rural all-purpose
A11 northbound between A14/A1304 and B1085 near Red Lodge (south),.005247097,,,,A11,52.281746,.46273872,A11/9946/2,TMU Site 9946/2 on link A11 northbound between A14/A1304 and B1085 near Red Lodge (south); GPS Ref: 568092;267699; Northbound,,2.0261097,69.686684,61.342773,8.8641596,2.35341,19161.164,2243.8093,45.348022,,,,,,,highway_mean,Rural all-purpose,Rural all-purpose
A11 northbound between B1085 near Red Lodge (south) and B1085 near Red Lodge (north),.0064595765,,,,A11,52.29266,.47356588,A11/6317/1,TMU Site 6317/1 on link A11 northbound between B1085 near Red Lodge (south) and B1085 near Red Lodge (north); GPS Ref: 568789;268938; Northbound,,2.0261097,69.686684,61.342773,8.8641596,2.35341,19161.164,2243.8093,45.348022,,,,,,,highway_mean,Rural all-purpose,Rural all-purpose
A11 southbound between A1304 and A1307,.0041240943,,,,A11,52.165642,.26718605,A11/6310/1,TMU Site 6310/1 on link A11 southbound between A1304 and A1307; GPS Ref: 555158;254352; Southbound,,2.0261097,69.686684,61.342773,8.8641596,2.35341,19161.164,2243.8093,45.348022,,,,,,,highway_mean,Rural all-purpose,Rural all-purpose
A11 southbound between A14 and A1304,.00016388582,,,,A14,52.218941,.31439233,A14/6308/1,TMU Site 6308/1 on link A11 southbound between A14 and A1304; GPS Ref: 558197;260381; Southbound,,2.2111716,70,61.754242,7.3049579,2.1724114,24210.299,2106.115,50.134014,,,,,,,highway_mean,Rural all-purpose,Rural all-purpose
A11 southbound between A505 and A1301,.00037007272,-.0022853001,.057,,A11,52.120441,.21633413,A11/6311/2,TMU Site 6311/2 on link A11 southbound between A505 and A1301; GPS Ref: 551834;249218; Southbound,,2.0261097,69.686684,61.342773,8.8641596,2.35341,19161.164,2243.8093,45.348022,,,,,,,highway_mean,Rural all-purpose,Rural all-purpose
A11 southbound between B1085 near Red Lodge (south) and A14/A1304,.0052045756,,,,A11,52.281479,.46265057,A11/9946/1,TMU Site 9946/1 on link A11 southbound between B1085 near Red Lodge (south) and A14/A1304; GPS Ref: 568087;267669; Southbound,,2.0261097,69.686684,61.342773,8.8641596,2.35341,19161.164,2243.8093,45.348022,,,,,,,highway_mean,Rural all-purpose,Rural all-purpose
A11 southbound exit for A505,-.00069328275,-.030719901,0,***,A11,52.120411,.21661009,A11/6311/1,TMU Site 6311/1 on link A11 southbound exit for A505; GPS Ref: 551853;249215; Southbound,,2.0261097,69.686684,61.342773,8.8641596,2.35341,19161.164,2243.8093,45.348022,,,,,,,highway_mean,Rural all-purpose,Rural all-purpose
A14 J35 eastbound exit,-.010239504,,,,A14,52.214314,.21304126,A14/6314/1,TMU Site 6314/1 on link A14 J35 eastbound exit; GPS Ref: 551290;259650; Eastbound,,2.2111716,70,61.754242,7.3049579,2.1724114,24210.299,2106.115,50.134014,,,,,,,highway_mean,Rural all-purpose,Rural all-purpose
A14 J35 westbound exit,-.0018188189,,,,A14,52.214355,.21983586,A14/6313/1,TMU Site 6313/1 on link A14 J35 westbound exit; GPS Ref: 551754;259669; Westbound,,2.2111716,70,61.754242,7.3049579,2.1724114,24210.299,2106.115,50.134014,,,,,,,highway_mean,Rural all-purpose,Rural all-purpose
A14 eastbound between J33 and J34,.0016984852,,,,A14,52.233936,.16576143,A14/30360856,TAME Site 30360856 on link A14 eastbound between J33 and J34; GPS Ref: 547995;261735; Eastbound,,2.2111716,70,61.754242,7.3049579,2.1724114,24210.299,2106.115,50.134014,,,,,,,highway_mean,Rural all-purpose,Rural all-purpose
A14 eastbound within J20,.0027664078,,,,A14,52.334362,-.29678836,A14/9934/2,TMU Site 9934/2 on link A14 eastbound within J20; GPS Ref: 516148;272061; Eastbound,,2.2111716,70,61.754242,7.3049579,2.1724114,24210.299,2106.115,50.134014,,,,,,,highway_mean,Rural all-purpose,Rural all-purpose
A14 eastbound within J35,.0028589205,,,,A14,52.214157,.21309216,A14/6314/2,TMU Site 6314/2 on link A14 eastbound within J35; GPS Ref: 551294;259633; Eastbound,,2.2111716,70,61.754242,7.3049579,2.1724114,24210.299,2106.115,50.134014,,,,,,,highway_mean,Rural all-purpose,Rural all-purpose
A14 westbound between J34 and J33,.0027964797,,,,A14,52.233829,.16571228,A14/30360857,TAME Site 30360857 on link A14 westbound between J34 and J33; GPS Ref: 547992;261723; Westbound,,2.2111716,70,61.754242,7.3049579,2.1724114,24210.299,2106.115,50.134014,,,,,,,highway_mean,Rural all-purpose,Rural all-purpose
A14 westbound between J39 and J38,.0027132875,,,,A14,52.270889,.44334528,A14/6306/2,TMU Site 6306/2 on link A14 westbound between J39 and J38; GPS Ref: 566810;266447; Westbound,,2.2111716,70,61.754242,7.3049579,2.1724114,24210.299,2106.115,50.134014,,,,,,,highway_mean,Rural all-purpose,Rural all-purpose
A14 westbound within J20,.0039580534,,,,A14,52.334255,-.29683653,A14/9934/1,TMU Site 9934/1 on link A14 westbound within J20; GPS Ref: 516145;272049; Westbound,,2.2111716,70,61.754242,7.3049579,2.1724114,24210.299,2106.115,50.134014,,,,,,,highway_mean,Rural all-purpose,Rural all-purpose
A14 westbound within J35,.0038065547,,,,A14,52.214493,.21975483,A14/6313/2,TMU Site 6313/2 on link A14 westbound within J35; GPS Ref: 551748;259684; Westbound,,2.2111716,70,61.754242,7.3049579,2.1724114,24210.299,2106.115,50.134014,,,,,,,highway_mean,Rural all-purpose,Rural all-purpose
A14 westbound within J36,-.00022503434,,,,A14,52.219078,.31420919,A14/6308/2,TMU Site 6308/2 on A14 westbound within J36; GPS Ref: 558184;260396; Westbound,,2.2111716,70,61.754242,7.3049579,2.1724114,24210.299,2106.115,50.134014,,,,,,,highway_mean,Rural all-purpose,Rural all-purpose
A428 eastbound at a minor junction between A1198 and A1303,.0045967847,,,,A428,52.225246,-.074721962,A428/7124/2,TMU Site 7124/2 on link A428 eastbound at a minor junction between A1198 and A1303; GPS Ref: 531600;260305; Eastbound,,1.7029703,67.029701,57.935734,11.599425,2.3811781,11365.089,2661.9944,31.026564,,,,,,,highway_mean,Rural all-purpose,Rural all-purpose
A428 eastbound between A1198 and A1303,.0047708293,,,,A428,52.228622,-.085880622,A428/30360867,TAME Site 30360867 on link A428 eastbound between A1198 and A1303; GPS Ref: 530828;260660; Eastbound,,1.7029703,67.029701,57.935734,11.599425,2.3811781,11365.089,2661.9944,31.026564,,,,,,,highway_mean,Rural all-purpose,Rural all-purpose
A428 eastbound between A1303 and M11/A14,.0070851594,,,,A428,52.216831,.029791383,A428/6818/2,TMU Site 6818/2 on link A428 eastbound between A1303 and M11/A14; GPS Ref: 538764;259564; Eastbound,,1.7029703,67.029701,57.935734,11.599425,2.3811781,11365.089,2661.9944,31.026564,,,,,,,highway_mean,Rural all-purpose,Rural all-purpose
A428 eastbound between B1043 and B1428,-.0032649045,,,,A428,52.209843,-.25986877,A428/6999/1,TMU Site 6999/1 on link A428 eastbound between B1043 and B1428; GPS Ref: 518996;258272; Eastbound,,1.7029703,67.029701,57.935734,11.599425,2.3811781,11365.089,2661.9944,31.026564,,,,,,,highway_mean,Rural all-purpose,Rural all-purpose
A428 eastbound between B1428 and A1198,-.0088692186,,,,A428,52.225132,-.22508325,A428/6817/2,TMU Site 6817/2 on link A428 eastbound between B1428 and A1198; GPS Ref: 521331;260030; Eastbound,,1.7029703,67.029701,57.935734,11.599425,2.3811781,11365.089,2661.9944,31.026564,,,,,,,highway_mean,Rural all-purpose,Rural all-purpose
A428 eastbound exit at a minor junction between A1198 and A1303,-.0047323275,-.0038552999,0,***,A428,52.22538,-.074642979,A428/7124/1,TMU Site 7124/1 on A428 eastbound exit at a minor junction between A1198 and A1303; GPS Ref: 531605;260320; Eastbound,,1.7029703,67.029701,57.935734,11.599425,2.3811781,11365.089,2661.9944,31.026564,,,,,,,highway_mean,Rural all-purpose,Rural all-purpose
A428 eastbound exit for A1303,-.0016700547,-.0053353002,0,***,A428,52.216995,.029740239,A428/6818/1,TMU Site 6818/1 on link A428 eastbound exit for A1303; GPS Ref: 538760;259582; Eastbound,,1.7029703,67.029701,57.935734,11.599425,2.3811781,11365.089,2661.9944,31.026564,,,,,,,highway_mean,Rural all-purpose,Rural all-purpose
A428 westbound access from A1303,-.0030386774,-.0018612,0,***,A428,52.216885,.034697909,A428/6819/1,TMU Site 6819/1 on link A428 westbound access from A1303; GPS Ref: 539099;259579; Westbound,,1.7029703,67.029701,57.935734,11.599425,2.3811781,11365.089,2661.9944,31.026564,,,,,,,highway_mean,Rural all-purpose,Rural all-purpose
A428 westbound at a minor junction between A1303 and A1198,.0051569254,,,,A428,52.224468,-.068781793,A428/7125/2,TMU Site 7125/2 on link A428 westbound at a minor junction between A1303 and A1198; GPS Ref: 532008;260229; Westbound,,1.7029703,67.029701,57.935734,11.599425,2.3811781,11365.089,2661.9944,31.026564,,,,,,,highway_mean,Rural all-purpose,Rural all-purpose
A428 westbound between A1198 and B1428,-.006761706,,,,A428,52.225086,-.2250704,A428/6817/1,TMU Site 6817/1 on link A428 westbound between A1198 and B1428; GPS Ref: 521332;260025; Westbound,,1.7029703,67.029701,57.935734,11.599425,2.3811781,11365.089,2661.9944,31.026564,,,,,,,highway_mean,Rural all-purpose,Rural all-purpose
A428 westbound between A1303 and A1198,-.0092474557,-.0014101,0,***,A428,52.228504,-.085885644,A428/30360868,TAME Site 30360868 on link A428 westbound between A1303 and A1198; GPS Ref: 530828;260647; Westbound,,1.7029703,67.029701,57.935734,11.599425,2.3811781,11365.089,2661.9944,31.026564,,,,,,,highway_mean,Rural all-purpose,Rural all-purpose
A428 westbound between M11/A14 and A1303,.0064516002,,,,A428,52.21701,.034703653,A428/6819/2,TMU Site 6819/2 on link A428 westbound between M11/A14 and A1303; GPS Ref: 539099;259593; Westbound,,1.7029703,67.029701,57.935734,11.599425,2.3811781,11365.089,2661.9944,31.026564,,,,,,,highway_mean,Rural all-purpose,Rural all-purpose
A428 westbound exit at a minor junction between A1303 and A1198,-.0055500534,-.0052997,0,***,A428,52.22435,-.068816118,A428/7125/1,TMU Site 7125/1 on link A428 westbound exit at a minor junction between A1303 and A1198; GPS Ref: 532006;260216; Westbound,,1.7029703,67.029701,57.935734,11.599425,2.3811781,11365.089,2661.9944,31.026564,,,,,,,highway_mean,Rural all-purpose,Rural all-purpose
A47 eastbound between A1139 and B1167 near Thorney (west),-.016474564,,,,A47,52.611645,-.18804006,A47/6351/1,TMU Site 6351/1 on A47 eastbound between A1139 and B1167 near Thorney (west); GPS Ref: 522784;303080; Eastbound,,1.5984615,64.123077,51.66502,16.04339,2.8994431,13384.193,2050.6992,58.875034,,,,,,,highway_mean,Rural all-purpose,Rural all-purpose
A47 eastbound between A1260 and A15 near Peterborough (west),-.0056821918,,,,A47,52.577057,-.28585356,A47/6352/1,TMU Site 6352/1 on link A47 eastbound between A1260 and A15 near Peterborough (west); GPS Ref: 516253;299071; Eastbound,,1.5984615,64.123077,51.66502,16.04339,2.8994431,13384.193,2050.6992,58.875034,,,,,,,highway_mean,Rural all-purpose,Rural all-purpose
A47 eastbound between B1040 and B1167 near Thorney (east),.0064909696,,,,A47,52.623592,-.079012565,A47/7157/1,TMU Site 7157/1 on A47 eastbound between B1040 and B1167 near Thorney (east); GPS Ref: 530130;304600; Eastbound,,1.5984615,64.123077,51.66502,16.04339,2.8994431,13384.193,2050.6992,58.875034,,,,,,,highway_mean,Rural all-purpose,Rural all-purpose
A47 eastbound between B1167 near Thorney (east) and A141,-.0026454118,,,,A47,52.610645,.031463861,A47/6350/1,TMU Site 6350/1 on A47 eastbound between B1167 near Thorney (east) and A141; GPS Ref: 537648;303365; Eastbound,,1.5984615,64.123077,51.66502,16.04339,2.8994431,13384.193,2050.6992,58.875034,,,,,,,highway_mean,Rural all-purpose,Rural all-purpose
A47 eastbound between B1167 near Thorney (west) and B1040,.00093605893,,,,A47,52.624584,-.11500534,A47/5105/2,TMU Site 5105/2 on link A47 eastbound between B1167 near Thorney (west) and B1040; GPS Ref: 527691;304646; Eastbound,,1.5984615,64.123077,51.66502,16.04339,2.8994431,13384.193,2050.6992,58.875034,,,,,,,highway_mean,Rural all-purpose,Rural all-purpose
A47 westbound between A1260 and A1,-.0042194035,,,,A47,52.584435,-.40787417,A47/6604/1,TMU Site 6604/1 on link A47 westbound between A1260 and A1; GPS Ref: 507967;299702; Westbound,,1.5984615,64.123077,51.66502,16.04339,2.8994431,13384.193,2050.6992,58.875034,,,,,,,highway_mean,Rural all-purpose,Rural all-purpose
A47 westbound between A15 near Peterborough (west) and A1260,.0019768972,,,,A47,52.580433,-.2825191,A47/6353/1,TMU Site 6353/1 on link A47 westbound between A15 near Peterborough (west) and A1260; GPS Ref: 516470;299452; Westbound,,1.5984615,64.123077,51.66502,16.04339,2.8994431,13384.193,2050.6992,58.875034,,,,,,,highway_mean,Rural all-purpose,Rural all-purpose
A47 westbound between B1040 and B1167 near Thorney (west),.0037018869,,,,A47,52.6245,-.11475781,A47/5105/1,TMU Site 5105/1 on link A47 westbound between B1040 and B1167 near Thorney (west); GPS Ref: 527708;304637; Westbound,,1.5984615,64.123077,51.66502,16.04339,2.8994431,13384.193,2050.6992,58.875034,,,,,,,highway_mean,Rural all-purpose,Rural all-purpose
A47 westbound between B1167 near Thorney (east) and B1040,.008117524,,,,A47,52.624153,-.084203549,A47/7156/1,TMU Site 7156/1 on A47 westbound between B1167 near Thorney (east) and B1040; GPS Ref: 529777;304653; Westbound,,1.5984615,64.123077,51.66502,16.04339,2.8994431,13384.193,2050.6992,58.875034,,,,,,,highway_mean,Rural all-purpose,Rural all-purpose
A47 westbound between B198 near Wisbech (west) and A141,-.0041138153,,,,A47,52.636726,.12038524,A47/6349/1,TMU Site 6349/1 on link A47 westbound between B198 near Wisbech (west) and A141; GPS Ref: 543583;306439; Westbound,,1.5984615,64.123077,51.66502,16.04339,2.8994431,13384.193,2050.6992,58.875034,,,,,,,highway_mean,Rural all-purpose,Rural all-purpose
Cambourne Road northbound between A1198 and A428,-.028395562,,,,Cambourne Road,52.221729,-.071755491,Cambourne Road/9996/2,TMU Site 9996/2 on link Cambourne Road northbound between A1198 and A428; GPS Ref: 531813;259919; Northbound,,,,,,,,,,,,,,,,no_match,Rural all-purpose,Rural all-purpose
Cambourne Road southbound between A428 and A1198,-.027824445,,,,Cambourne Road,52.221821,-.070755936,Cambourne Road/9996/1,TMU Site 9996/1 on link Cambourne Road southbound between A428 and A1198; GPS Ref: 531881;259931; Southbound,,,,,,,,,,,,,,,,no_match,Rural all-purpose,Rural all-purpose
road from A11 southbound to A14 westbound,.0033544346,,,,A14,52.270699,.44352525,A14/6306/1,TMU Site 6306/1 on link road from A11 southbound to A14 westbound; GPS Ref: 566823;266426; Westbound,,2.2111716,70,61.754242,7.3049579,2.1724114,24210.299,2106.115,50.134014,,,,,,,highway_mean,Rural all-purpose,Rural all-purpose
